{
  "AWSTemplateFormatVersion": "2010-09-09",
  "Resources": {
    "ExploreGitHubRole": {
      "Type": "AWS::IAM::Role",
      "Properties": {
        "AssumeRolePolicyDocument": {
          "Version": "2012-10-17",
          "Statement": [
            {
              "Effect": "Allow",
              "Principal": {
                "Service": [
                  "lambda.amazonaws.com"
                ]
              },
              "Action": [
                "sts:AssumeRole"
              ]
            }
          ]
        },
        "Path": "/",
        "Policies": [
          {
            "PolicyName": "root",
            "PolicyDocument": {
              "Version": "2012-10-17",
              "Statement": [
                {
                  "Effect": "Allow",
                  "Action": [
                    "logs:*"
                  ],
                  "Resource": "arn:aws:logs:*:*:*"
                }
              ]
            }
          }
        ]
      }
    },
    "ExploreGitHubLambda": {
      "Type": "AWS::Lambda::Function",
      "Properties": {
        "Code": {
          "S3Bucket": "alexa-explore-github-artifacts",
          "S3Key": "alexa-explore-github.zip"
        },
        "Description": "Alexa Explore GitHub Skill",
        "FunctionName": "alexa-explore-github",
        "Handler": "app.handler",
        "Role": { "Fn::GetAtt" : ["ExploreGitHubRole", "Arn"] },
        "Runtime": "nodejs6.10",
        "Timeout": "10"
      },
      "DependsOn": "ExploreGitHubRole"
    },
    "AlexaSkillFunctionPermissions": {
      "Type": "AWS::Lambda::Permission",
      "Properties": {
        "FunctionName": {
          "Ref": "ExploreGitHubLambda"
        },
        "Action": "lambda:InvokeFunction",
        "Principal": "alexa-appkit.amazon.com"
      }
    }
  }
}